test123,test234
test124,test235
test125,test236
test126,test237
test127,test238
test128,test239
test129,test240
test130,test241
test131,test242
test132,test243
test133,test244
test134,test245
test135,test246
test136,test247
test137,test248
test138,test249
test139,test250
test140,test251
test141,test252
test142,test253
test143,test254
test144,test255
test145,test256
test146,test257
test147,test258
test148,test259
test149,test260
test150,test261
test151,test262
test152,test263
test153,test264
test154,test265
test155,test266
test156,test267
test157,test268
test158,test269
test159,test270
test160,test271
test161,test272
test162,test273
test163,test274
test164,test275
test165,test276
test166,test277
test167,test278
test168,test279
test169,test280
test170,test281
test171,test282
test172,test283
test173,test284
test174,test285
test175,test286
test176,test287
test177,test288
test178,test289
test179,test290
test180,test291
test181,test292
test182,test293
test183,test294
test184,test295
test185,test296
test186,test297
test187,test298
test188,test299
test189,test300
test190,test301
test191,test302
test192,test303
test193,test304
test194,test305
test195,test306
test196,test307
test197,test308
test198,test309
test199,test310
test200,test311
test201,test312
test202,test313
test203,test314
test204,test315
test205,test316
test206,test317
test207,test318
test208,test319
test209,test320
test210,test321
test211,test322
test212,test323
test213,test324
test214,test325
test215,test326
test216,test327
test217,test328
test218,test329
test219,test330
test220,test331
test221,test332
test222,test333
test223,test334
test224,test335
test225,test336
test226,test337
test227,test338
test228,test339
test229,test340
test230,test341
test231,test342
test232,test343
test233,test344
test234,test345
test235,test346
test236,test347
test237,test348
test238,test349
test239,test350
test240,test351
test241,test352
test242,test353
test243,test354
test244,test355
test245,test356
test246,test357
test247,test358
test248,test359
test249,test360
test250,test361
test251,test362
test252,test363
test253,test364
test254,test365
test255,test366
test256,test367
test257,test368
test258,test369
test259,test370
test260,test371
test261,test372
test262,test373
test263,test374
test264,test375
test265,test376
test266,test377
test267,test378
test268,test379
test269,test380
test270,test381
test271,test382
test272,test383
test273,test384
test274,test385
test275,test386
test276,test387
test277,test388
test278,test389
test279,test390
test280,test391
test281,test392
test282,test393
test283,test394
test284,test395
test285,test396
test286,test397
test287,test398
test288,test399
test289,test400
test290,test401
test291,test402
test292,test403
test293,test404
test294,test405
test295,test406
test296,test407
test297,test408
test298,test409
test299,test410
test300,test411
test301,test412
test302,test413
test303,test414
test304,test415
test305,test416
test306,test417
test307,test418
test308,test419
test309,test420
test310,test421
test311,test422
test312,test423
test313,test424
test314,test425
test315,test426
test316,test427
test317,test428
test318,test429
test319,test430
test320,test431
test321,test432
test322,test433
test323,test434
test324,test435
test325,test436
test326,test437
test327,test438
test328,test439
test329,test440
test330,test441
test331,test442
test332,test443
test333,test444
test334,test445
test335,test446
test336,test447
test337,test448
test338,test449
test339,test450
test340,test451
test341,test452
test342,test453
test343,test454
test344,test455
test345,test456
test346,test457
test347,test458
test348,test459
test349,test460
test350,test461
test351,test462
test352,test463
test353,test464
test354,test465
test355,test466
test356,test467
test357,test468
test358,test469
test359,test470
test360,test471
test361,test472
test362,test473
test363,test474
test364,test475
test365,test476